{
  "framing_note": "Orchestration measurement; LLM calls mocked to fixed 10ms. Real vendor latencies measured separately in apohara-aegis/logs/baseline_aegis-ensemble-*.json.",
  "iterations": 1000,
  "llm_stub_delay_ms": 10.0,
  "stages": {
    "detect_p50_ms": 0.029510512831620872,
    "detect_p99_ms": 0.0529009141610004,
    "enforce_p50_ms": 0.004699017154052854,
    "enforce_p99_ms": 0.009798989340197295,
    "forensics_p50_ms": 0.12091200915165246,
    "forensics_p99_ms": 0.22413568629417568,
    "judge_p50_ms": 10.366254995460622,
    "judge_p99_ms": 10.54589739855146
  },
  "total_p50_ms": 10.526170008233748,
  "total_p95_ms": 10.676486493321136,
  "total_p99_ms": 10.760151208087336,
  "ts": "2026-05-18T21:43:18.300673Z",
  "wall_elapsed_s": 10.54112904597423
}
