{
  "framing_note": "Orchestration measurement; LLM calls mocked to fixed 10ms. Real vendor latencies measured separately in apohara-aegis/logs/baseline_aegis-ensemble-*.json.",
  "iterations": 1000,
  "llm_stub_delay_ms": 10.0,
  "stages": {
    "detect_p50_ms": 0.02549249620642513,
    "detect_p99_ms": 0.0438555030268617,
    "enforce_p50_ms": 0.003952489350922406,
    "enforce_p99_ms": 0.006583785288967192,
    "forensics_p50_ms": 0.1040499919326976,
    "forensics_p99_ms": 0.15506252617342398,
    "judge_p50_ms": 10.32875949749723,
    "judge_p99_ms": 10.441509200609289
  },
  "total_p50_ms": 10.466988998814486,
  "total_p95_ms": 10.565249955106992,
  "total_p99_ms": 10.59924799221335,
  "ts": "2026-05-18T22:39:27.044848Z",
  "wall_elapsed_s": 10.455492770997807
}
